Year,Area,CancerType,AgeAdjustedRate,lci,uci,CaseCount,Population
'1999','Rhode Island','Melanomas of the Skin','18.6','16.2','21.3','208','1040402'
'1999','South Carolina','Melanomas of the Skin','17.5','16.2','18.9','687','3974682'
'1999','Michigan','Melanomas of the Skin','18.7','17.8','19.6','1823','9897116'
'1999','Maryland','Melanomas of the Skin','17.8','16.7','19','912','5254509'
'1999','Maine','Melanomas of the Skin','18.5','16.3','20.9','255','1266808'
'1999','Kentucky','Melanomas of the Skin','19.9','18.6','21.4','804','4018053'
'1999','Idaho','Melanomas of the Skin','19.9','17.4','22.6','236','1275674'
'1999','Wyoming','Melanomas of the Skin','20','16.2','24.4','96','491780'
'1999','Florida','Melanomas of the Skin','17.5','16.9','18.1','3237','15759421'
'1999','California','Melanomas of the Skin','18.4','17.9','18.9','5572','33499204'
'1999','Arizona','Melanomas of the Skin','18.6','17.4','19.8','918','5023823'
'1999','Vermont','Melanomas of the Skin','28.9','24.8','33.5','180','604683'
'1999','Washington','Melanomas of the Skin','21.9','20.7','23.1','1242','5842564'
'1999','Utah','Melanomas of the Skin','22.1','19.9','24.5','381','2203482'
'1999','South Dakota','Melanomas of the Skin','null','null','null','Data Suppressed','null'
'1999','Oregon','Melanomas of the Skin','22','20.4','23.6','759','3393941'
'1999','New Hampshire','Melanomas of the Skin','21.1','18.6','23.8','261','1222014'
'1999','Mississippi','Melanomas of the Skin','null','null','null','Data Suppressed','null'
'1999','Connecticut','Melanomas of the Skin','21.4','19.9','23','761','3386401'
'1999','Colorado','Melanomas of the Skin','20.7','19.3','22.2','799','4226018'
'1999','Arkansas','Melanomas of the Skin','null','null','null','Data Suppressed','null'
'1999','District of Columbia','Melanomas of the Skin','7.8','5.7','10.5','46','570213'
'1999','Nevada','Melanomas of the Skin','8.3','7.1','9.8','158','1934718'
'1999','Oklahoma','Melanomas of the Skin','10.2','9.2','11.4','356','3437147'
'1999','North Dakota','Melanomas of the Skin','9.6','7.4','12.3','64','644259'
'1999','New York','Melanomas of the Skin','10.2','9.7','10.6','1939','18882725'
'1999','Missouri','Melanomas of the Skin','10.4','9.6','11.3','596','5561948'
'1999','Louisiana','Melanomas of the Skin','9.9','8.9','10.9','412','4460811'
'1999','Tennessee','Melanomas of the Skin','10.7','9.9','11.6','611','5638706'
'1999','Texas','Melanomas of the Skin','11.3','10.8','11.8','2022','20558220'
'1999','Montana','Melanomas of the Skin','12.2','10.1','14.7','112','897507'
'1999','Illinois','Melanomas of the Skin','11.8','11.2','12.5','1415','12359020'
'1999','Wisconsin','Melanomas of the Skin','12.3','11.4','13.3','664','5332666'
'1999','Alaska','Melanomas of the Skin','11.2','7.9','15.2','51','624779'
'1999','Virginia','Melanomas of the Skin','14.5','13.7','15.5','993','7000174'
'1999','Pennsylvania','Melanomas of the Skin','13.6','13','14.2','1833','12263805'
'1999','North Carolina','Melanomas of the Skin','14.6','13.8','15.5','1154','7949361'
'1999','Ohio','Melanomas of the Skin','13.6','12.9','14.3','1571','11335454'
'1999','Indiana','Melanomas of the Skin','13.2','12.3','14.1','785','6044969'
'1999','Georgia','Melanomas of the Skin','13.7','12.9','14.6','994','8045965'
'1999','Delaware','Melanomas of the Skin','13.3','10.8','16.1','104','774990'
'1999','Alabama','Melanomas of the Skin','13.5','12.4','14.6','604','4430141'
'1999','West Virginia','Melanomas of the Skin','15.2','13.5','17','304','1811799'
'1999','New Mexico','Melanomas of the Skin','14.8','13.1','16.8','255','1808082'
'1999','New Jersey','Melanomas of the Skin','15.1','14.3','16','1307','8359592'
'1999','Nebraska','Melanomas of the Skin','14.8','13.1','16.8','253','1704764'
'1999','Minnesota','Melanomas of the Skin','17.1','15.9','18.3','815','4873481'
'1999','Massachusetts','Melanomas of the Skin','16.7','15.7','17.7','1090','6317345'
'1999','Iowa','Melanomas of the Skin','17.2','15.8','18.7','532','2917634'
'1999','Kansas','Melanomas of the Skin','17.1','15.6','18.8','458','2678338'
'1999','Hawaii','Melanomas of the Skin','14.7','12.6','17','180','1210300'
'2000','Hawaii','Melanomas of the Skin','17.1','14.9','19.5','214','1213519'
'2000','Georgia','Melanomas of the Skin','17.1','16.2','18.1','1264','8227303'
'2000','Delaware','Melanomas of the Skin','16','13.3','19','128','786373'
'2000','Massachusetts','Melanomas of the Skin','17.3','16.3','18.4','1146','6361104'
'2000','Maine','Melanomas of the Skin','17.4','15.3','19.7','244','1277072'
'2000','Kansas','Melanomas of the Skin','16.4','14.9','18','440','2693681'
'2000','Indiana','Melanomas of the Skin','15','14.1','16','906','6091866'
'2000','West Virginia','Melanomas of the Skin','15.8','14.1','17.7','319','1807021'
'2000','Virginia','Melanomas of the Skin','15','14.1','15.9','1037','7105817'
'2000','South Carolina','Melanomas of the Skin','15.9','14.7','17.2','635','4024223'
'2000','Pennsylvania','Melanomas of the Skin','14.9','14.2','15.5','2014','12284173'
'2000','North Carolina','Melanomas of the Skin','16','15.1','16.9','1288','8081614'
'2000','New Jersey','Melanomas of the Skin','15.7','14.8','16.5','1370','8430621'
'2000','Nevada','Melanomas of the Skin','17.1','15.3','19.1','334','2018741'
'2000','Florida','Melanomas of the Skin','19.9','19.3','20.6','3792','16047515'
'2000','California','Melanomas of the Skin','18.1','17.7','18.6','5602','33987977'
'2000','Arizona','Melanomas of the Skin','17.6','16.5','18.8','897','5160586'
'2000','Michigan','Melanomas of the Skin','18.1','17.3','19','1789','9952450'
'2000','Maryland','Melanomas of the Skin','17.4','16.2','18.5','908','5311034'
'2000','Iowa','Melanomas of the Skin','17.6','16.2','19.2','541','2929067'
'2000','Kentucky','Melanomas of the Skin','20.2','18.8','21.6','827','4049021'
'2000','Idaho','Melanomas of the Skin','20.1','17.7','22.8','244','1299430'
'2000','Wyoming','Melanomas of the Skin','20.3','16.4','24.7','98','494300'
'2000','Utah','Melanomas of the Skin','20.5','18.4','22.8','357','2244502'
'2000','New Mexico','Melanomas of the Skin','18.4','16.5','20.6','322','1821204'
'2000','Montana','Melanomas of the Skin','19.7','16.9','22.7','185','903773'
'2000','Minnesota','Melanomas of the Skin','18.1','16.9','19.4','877','4933692'
'2000','Connecticut','Melanomas of the Skin','23.5','21.9','25.1','849','3411777'
'2000','Colorado','Melanomas of the Skin','21.4','20','22.9','856','4326921'
'2000','Arkansas','Melanomas of the Skin','null','null','null','Data Suppressed','null'
'2000','Washington','Melanomas of the Skin','23.6','22.3','24.9','1363','5910512'
'2000','Vermont','Melanomas of the Skin','27.4','23.4','31.8','174','609618'
'2000','South Dakota','Melanomas of the Skin','null','null','null','Data Suppressed','null'
'2000','Rhode Island','Melanomas of the Skin','20.9','18.3','23.8','233','1050268'
'2000','Oregon','Melanomas of the Skin','23.6','22','25.3','825','3429708'
'2000','New Hampshire','Melanomas of the Skin','23','20.4','25.8','288','1239882'
'2000','Mississippi','Melanomas of the Skin','null','null','null','Data Suppressed','null'
'2000','District of Columbia','Melanomas of the Skin','5.5','3.8','7.8','32','572046'
'2000','North Dakota','Melanomas of the Skin','6.9','5.1','9.2','48','642023'
'2000','Louisiana','Melanomas of the Skin','10.3','9.4','11.4','438','4471885'
'2000','Tennessee','Melanomas of the Skin','10.4','9.6','11.3','600','5703719'
'2000','Alaska','Melanomas of the Skin','11.1','8.1','14.9','57','627963'
'2000','Illinois','Melanomas of the Skin','12.6','11.9','13.2','1519','12434161'
'2000','Oklahoma','Melanomas of the Skin','11.9','10.8','13.1','417','3454365'
'2000','New York','Melanomas of the Skin','11.4','11','11.9','2210','19001780'
'2000','Missouri','Melanomas of the Skin','11.6','10.7','12.5','666','5607285'
'2000','Alabama','Melanomas of the Skin','12.8','11.8','13.9','581','4452173'
'2000','Wisconsin','Melanomas of the Skin','14.6','13.6','15.7','797','5373999'
'2000','Texas','Melanomas of the Skin','13.8','13.3','14.4','2541','20944499'
'2000','Ohio','Melanomas of the Skin','13.8','13.1','14.5','1603','11363543'
'2000','Nebraska','Melanomas of the Skin','14.2','12.4','16.1','246','1713820'
'2001','South Carolina','Melanomas of the Skin','16.3','15.1','17.6','664','4064995'
'2001','Pennsylvania','Melanomas of the Skin','16.6','15.9','17.3','2240','12298970'
'2001','Ohio','Melanomas of the Skin','15.9','15.2','16.7','1868','11387404'
'2001','Nebraska','Melanomas of the Skin','15.3','13.5','17.2','266','1719836'
'2001','West Virginia','Melanomas of the Skin','17.2','15.4','19.1','345','1801481'
'2001','Wisconsin','Melanomas of the Skin','15.5','14.5','16.6','852','5406835'
'2001','Virginia','Melanomas of the Skin','14.7','13.8','15.6','1042','7198362'
'2001','Maryland','Melanomas of the Skin','19.8','18.6','21','1049','5374691'
'2001','Iowa','Melanomas of the Skin','19.6','18.1','21.3','607','2931997'
'2001','Kansas','Melanomas of the Skin','17.4','15.9','19','471','2702162'
'2001','Idaho','Melanomas of the Skin','19.8','17.4','22.5','245','1319962'
'2001','Florida','Melanomas of the Skin','19.1','18.5','19.7','3687','16356966'
'2001','Georgia','Melanomas of the Skin','18.6','17.6','19.6','1413','8377038'
'2001','Colorado','Melanomas of the Skin','20.4','19.1','21.9','843','4425687'
'2001','California','Melanomas of the Skin','19.3','18.8','19.8','6075','34479458'
'2001','Arizona','Melanomas of the Skin','19.9','18.7','21.2','1040','5273477'
'2001','Minnesota','Melanomas of the Skin','18.8','17.6','20.1','925','4982796'
'2001','Michigan','Melanomas of the Skin','18.8','18','19.7','1875','9991120'
'2001','New Mexico','Melanomas of the Skin','19.6','17.6','21.8','350','1831690'
'2001','Nevada','Melanomas of the Skin','18.1','16.2','20','365','2098399'
'2001','New Jersey','Melanomas of the Skin','18.5','17.6','19.4','1630','8492671'
'2001','Montana','Melanomas of the Skin','17.5','14.9','20.4','168','906961'
'2001','Maine','Melanomas of the Skin','21','18.7','23.6','295','1285692'
'2001','Kentucky','Melanomas of the Skin','22.2','20.8','23.7','916','4068132'
'2001','Connecticut','Melanomas of the Skin','23.7','22.2','25.4','862','3432835'
'2001','Delaware','Melanomas of the Skin','20.8','17.8','24.2','170','795699'
'2001','Mississippi','Melanomas of the Skin','null','null','null','Data Suppressed','null'
'2001','Massachusetts','Melanomas of the Skin','21.5','20.4','22.6','1431','6397634'
'2001','Rhode Island','Melanomas of the Skin','22.7','20','25.7','258','1057142'
'2001','Oregon','Melanomas of the Skin','24.2','22.6','25.9','862','3467937'
'2001','New Hampshire','Melanomas of the Skin','23.8','21.2','26.6','304','1255517'
'2001','Wyoming','Melanomas of the Skin','22.7','18.7','27.3','114','494657'
'2001','Washington','Melanomas of the Skin','23','21.8','24.3','1349','5985722'
'2001','Vermont','Melanomas of the Skin','22.6','19','26.6','145','612223'
'2001','Utah','Melanomas of the Skin','21.7','19.5','24','382','2283715'
'2001','District of Columbia','Melanomas of the Skin','9.2','6.9','12','54','574504'
'2001','Louisiana','Melanomas of the Skin','11','10.1','12.1','475','4477875'
'2001','Missouri','Melanomas of the Skin','12.4','11.5','13.3','720','5641142'
'2001','South Dakota','Melanomas of the Skin','12.4','10.1','15.2','98','757972'
'2001','North Dakota','Melanomas of the Skin','12.1','9.6','15.1','80','639062'
'2001','Tennessee','Melanomas of the Skin','11.4','10.6','12.3','671','5750789'
'2001','Illinois','Melanomas of the Skin','13.3','12.7','14','1625','12488445'
'2001','Arkansas','Melanomas of the Skin','13.7','12.3','15.1','385','2691571'
'2001','Alabama','Melanomas of the Skin','13.8','12.7','14.9','632','4467634'
'2001','Oklahoma','Melanomas of the Skin','13','11.8','14.2','457','3467100'
'2001','New York','Melanomas of the Skin','12.7','12.2','13.2','2474','19082838'
'2001','North Carolina','Melanomas of the Skin','13.9','13.1','14.7','1135','8210122'
'2001','Texas','Melanomas of the Skin','14.6','14.1','15.2','2756','21319622'
'2001','Indiana','Melanomas of the Skin','17.1','16.1','18.2','1041','6127760'
'2001','Hawaii','Melanomas of the Skin','15.3','13.3','17.6','197','1225948'
'2001','Alaska','Melanomas of the Skin','14.7','11.2','19','72','633714'
'2002','Montana','Melanomas of the Skin','16.9','14.4','19.7','161','911667'
'2002','Minnesota','Melanomas of the Skin','17','15.9','18.2','850','5018935'
'2002','Indiana','Melanomas of the Skin','17.2','16.1','18.2','1054','6155967'
'2002','Hawaii','Melanomas of the Skin','17.3','15.2','19.8','227','1239613'
'2002','Delaware','Melanomas of the Skin','16.1','13.5','19.1','135','806169'
'2002','Wisconsin','Melanomas of the Skin','15.2','14.2','16.3','847','5445162'
'2002','Wyoming','Melanomas of the Skin','15.9','12.5','19.8','78','500017'
'2002','West Virginia','Melanomas of the Skin','16.9','15.2','18.8','345','1805414'
'2002','Texas','Melanomas of the Skin','14.7','14.1','15.2','2824','21690325'
'2002','Pennsylvania','Melanomas of the Skin','17.2','16.5','17.9','2342','12331031'
'2002','Ohio','Melanomas of the Skin','16.8','16.1','17.6','1993','11407889'
'2002','Oklahoma','Melanomas of the Skin','14.8','13.6','16.1','530','3489080'
'2002','North Carolina','Melanomas of the Skin','16.2','15.4','17.1','1356','8326201'
'2002','Nevada','Melanomas of the Skin','17.5','15.8','19.4','377','2173791'
'2002','Nebraska','Melanomas of the Skin','17.5','15.6','19.6','305','1728292'
'2002','Michigan','Melanomas of the Skin','18.7','17.9','19.6','1886','10015710'
'2002','Kansas','Melanomas of the Skin','18.7','17.1','20.4','510','2713535'
'2002','Kentucky','Melanomas of the Skin','19.1','17.8','20.4','799','4089875'
'2002','Iowa','Melanomas of the Skin','18.8','17.3','20.4','584','2934234'
'2002','Georgia','Melanomas of the Skin','19.8','18.8','20.8','1524','8508256'
'2002','Florida','Melanomas of the Skin','19.4','18.8','20','3850','16689370'
'2002','California','Melanomas of the Skin','18.9','18.4','19.3','6058','34871843'
'2002','Arizona','Melanomas of the Skin','19.8','18.7','21.1','1063','5396255'
'2002','Virginia','Melanomas of the Skin','17.4','16.4','18.4','1255','7286873'
'2002','South Carolina','Melanomas of the Skin','19.8','18.5','21.2','822','4107795'
'2002','South Dakota','Melanomas of the Skin','18.7','15.8','22','149','760020'
'2002','New Mexico','Melanomas of the Skin','17.8','15.9','19.9','322','1855309'
'2002','New Hampshire','Melanomas of the Skin','29.4','26.6','32.6','381','1269089'
'2002','Mississippi','Melanomas of the Skin','null','null','null','Data Suppressed','null'
'2002','Maine','Melanomas of the Skin','21.5','19.2','24.1','309','1295960'
'2002','Maryland','Melanomas of the Skin','21.7','20.5','23','1185','5440389'
'2002','Massachusetts','Melanomas of the Skin','22.7','21.5','23.8','1526','6417206'
'2002','Idaho','Melanomas of the Skin','20.8','18.4','23.5','267','1340372'
'2002','Connecticut','Melanomas of the Skin','20.9','19.4','22.4','774','3458749'
'2002','Colorado','Melanomas of the Skin','21.5','20.1','22.9','907','4490406'
'2002','Washington','Melanomas of the Skin','22.5','21.3','23.7','1341','6052349'
'2002','Utah','Melanomas of the Skin','20.9','18.9','23.2','384','2324815'
'2002','Vermont','Melanomas of the Skin','26.6','22.7','30.9','170','615442'
'2002','Oregon','Melanomas of the Skin','23.7','22.1','25.3','864','3513424'
'2002','Rhode Island','Melanomas of the Skin','26.7','23.7','29.9','301','1065995'
'2002','New Jersey','Melanomas of the Skin','20.8','19.9','21.8','1857','8552643'
'2002','District of Columbia','Melanomas of the Skin','8.9','6.6','11.6','52','573158'
'2002','North Dakota','Melanomas of the Skin','10.5','8.1','13.2','71','638168'
'2002','Louisiana','Melanomas of the Skin','11.1','10.1','12.1','480','4497267'
'2002','Arkansas','Melanomas of the Skin','10.8','9.6','12.1','307','2705927'
'2002','Alaska','Melanomas of the Skin','12.6','9.5','16.4','69','642337'
'2002','Tennessee','Melanomas of the Skin','11.6','10.8','12.5','691','5795918'
'2002','Missouri','Melanomas of the Skin','12.7','11.8','13.7','748','5674825'
'2002','Illinois','Melanomas of the Skin','13.4','12.8','14.1','1659','12525556'
'2002','Alabama','Melanomas of the Skin','13.5','12.4','14.6','623','4480089'
'2002','New York','Melanomas of the Skin','13.2','12.7','13.7','2591','19137800'
'2003','West Virginia','Melanomas of the Skin','15.8','14.1','17.7','328','1812295'
'2003','Virginia','Melanomas of the Skin','16.4','15.4','17.3','1203','7366977'
'2003','Texas','Melanomas of the Skin','14.9','14.4','15.5','2914','22030931'
'2003','Ohio','Melanomas of the Skin','16.2','15.5','17','1943','11434788'
'2003','North Carolina','Melanomas of the Skin','16.7','15.9','17.6','1425','8422501'
'2003','Nebraska','Melanomas of the Skin','15.7','13.9','17.6','280','1738643'
'2003','Iowa','Melanomas of the Skin','16.4','15','17.9','519','2941999'
'2003','Hawaii','Melanomas of the Skin','15.9','13.8','18.2','212','1251154'
'2003','Alaska','Melanomas of the Skin','15.1','11.7','19','85','648414'
'2003','Wyoming','Melanomas of the Skin','18.8','15.2','23','96','503453'
'2003','South Carolina','Melanomas of the Skin','20.5','19.1','21.9','870','4150297'
'2003','Pennsylvania','Melanomas of the Skin','17.9','17.2','18.7','2461','12374658'
'2003','Oklahoma','Melanomas of the Skin','17.5','16.2','19','634','3504892'
'2003','New Mexico','Melanomas of the Skin','17.5','15.6','19.5','323','1877574'
'2003','New Jersey','Melanomas of the Skin','19.1','18.2','20','1720','8601402'
'2003','Nevada','Melanomas of the Skin','19.3','17.5','21.3','423','2248850'
'2003','Montana','Melanomas of the Skin','17.7','15.2','20.6','172','919630'
'2003','Minnesota','Melanomas of the Skin','17.9','16.7','19.1','904','5053572'
'2003','Maryland','Melanomas of the Skin','19.4','18.3','20.6','1065','5496269'
'2003','Michigan','Melanomas of the Skin','19.1','18.3','20','1943','10041152'
'2003','Kansas','Melanomas of the Skin','18.7','17.2','20.4','518','2723004'
'2003','Kentucky','Melanomas of the Skin','20','18.7','21.4','851','4117170'
'2003','Indiana','Melanomas of the Skin','17.6','16.6','18.7','1094','6196638'
'2003','Georgia','Melanomas of the Skin','20.6','19.6','21.6','1626','8622793'
'2003','Delaware','Melanomas of the Skin','19.4','16.6','22.6','165','818003'
'2003','Florida','Melanomas of the Skin','18.2','17.6','18.8','3699','17004085'
'2003','Colorado','Melanomas of the Skin','18.9','17.6','20.3','794','4528732'
'2003','California','Melanomas of the Skin','18.3','17.8','18.8','5976','35253159'
'2003','Washington','Melanomas of the Skin','23.8','22.5','25','1437','6104115'
'2003','Utah','Melanomas of the Skin','23.7','21.5','26','447','2360137'
'2003','Vermont','Melanomas of the Skin','33.3','28.9','38.1','216','617858'
'2003','Rhode Island','Melanomas of the Skin','24.4','21.6','27.4','281','1071342'
'2003','Oregon','Melanomas of the Skin','21.8','20.3','23.4','811','3547376'
'2003','New Hampshire','Melanomas of the Skin','30.4','27.5','33.6','404','1279840'
'2003','Massachusetts','Melanomas of the Skin','20.9','19.8','22','1421','6422565'
'2003','Maine','Melanomas of the Skin','22.5','20.1','25.1','325','1306513'
'2003','Idaho','Melanomas of the Skin','24.2','21.6','27.1','314','1363380'
'2003','Connecticut','Melanomas of the Skin','22.3','20.8','23.9','831','3484336'
'2003','Arizona','Melanomas of the Skin','21.1','19.9','22.4','1170','5510364'
'2003','Louisiana','Melanomas of the Skin','10.4','9.5','11.4','460','4521042'
'2003','District of Columbia','Melanomas of the Skin','9.3','7','12.1','55','568502'
'2003','Tennessee','Melanomas of the Skin','10.9','10.1','11.8','657','5847812'
'2003','New York','Melanomas of the Skin','12.2','11.7','12.7','2434','19175939'
'2003','Arkansas','Melanomas of the Skin','11.3','10.1','12.6','330','2724816'
'2003','Wisconsin','Melanomas of the Skin','14.7','13.7','15.7','831','5479203'
'2003','South Dakota','Melanomas of the Skin','14.6','12','17.5','116','763729'
'2003','North Dakota','Melanomas of the Skin','13.5','10.9','16.6','92','638817'
'2003','Missouri','Melanomas of the Skin','13.1','12.2','14','772','5709403'
'2003','Mississippi','Melanomas of the Skin','12.8','11.5','14.2','363','2868312'
'2003','Illinois','Melanomas of the Skin','13.6','13','14.3','1695','12556006'
'2003','Alabama','Melanomas of the Skin','13.6','12.6','14.7','634','4503491'
'2004','Nevada','Melanomas of the Skin','16.5','14.9','18.3','381','2346222'
'2004','New York','Melanomas of the Skin','14.7','14.2','15.3','2960','19171567'
'2004','Texas','Melanomas of the Skin','14.7','14.1','15.2','2939','22394023'
'2004','South Dakota','Melanomas of the Skin','15.8','13.1','18.8','128','770396'
'2004','Nebraska','Melanomas of the Skin','17.7','15.8','19.8','315','1749370'
'2004','Minnesota','Melanomas of the Skin','19','17.8','20.3','975','5087713'
'2004','Maryland','Melanomas of the Skin','18.7','17.5','19.9','1042','5546935'
'2004','Kansas','Melanomas of the Skin','19.3','17.7','21','536','2734373'
'2004','Iowa','Melanomas of the Skin','17.6','16.2','19.2','562','2953635'
'2004','Florida','Melanomas of the Skin','18.6','18','19.2','3856','17415318'
'2004','Georgia','Melanomas of the Skin','20.6','19.6','21.7','1667','8769252'
'2004','California','Melanomas of the Skin','19.8','19.4','20.3','6591','35574576'
'2004','New Mexico','Melanomas of the Skin','17.4','15.6','19.4','330','1903808'
'2004','Virginia','Melanomas of the Skin','17.6','16.6','18.5','1316','7475575'
'2004','Tennessee','Melanomas of the Skin','19.2','18.1','20.3','1176','5910809'
'2004','Pennsylvania','Melanomas of the Skin','17.5','16.8','18.2','2426','12410722'
'2004','Oklahoma','Melanomas of the Skin','18','16.6','19.4','650','3525233'
'2004','Ohio','Melanomas of the Skin','17.7','17','18.5','2122','11452251'
'2004','North Carolina','Melanomas of the Skin','18','17.1','18.9','1563','8553152'
'2004','West Virginia','Melanomas of the Skin','19.5','17.6','21.5','411','1816438'
'2004','Colorado','Melanomas of the Skin','20.1','18.8','21.5','878','4575013'
'2004','Massachusetts','Melanomas of the Skin','22.9','21.8','24.1','1566','6412281'
'2004','Maine','Melanomas of the Skin','22.5','20.1','25.1','333','1313688'
'2004','Kentucky','Melanomas of the Skin','21.5','20.1','22.9','926','4146101'
'2004','Hawaii','Melanomas of the Skin','21.2','18.8','23.8','289','1273569'
'2004','Idaho','Melanomas of the Skin','26.3','23.6','29.2','351','1391802'
'2004','Connecticut','Melanomas of the Skin','22.4','20.9','23.9','853','3496094'
'2004','Delaware','Melanomas of the Skin','22.2','19.2','25.6','193','830803'
'2004','New Jersey','Melanomas of the Skin','21','20.1','22','1909','8634561'
'2004','New Hampshire','Melanomas of the Skin','29','26.1','32.1','386','1290121'
'2004','Washington','Melanomas of the Skin','26.4','25.2','27.8','1637','6178645'
'2004','Utah','Melanomas of the Skin','26','23.7','28.4','499','2401580'
'2004','Vermont','Melanomas of the Skin','31.4','27.2','36','208','619920'
'2004','South Carolina','Melanomas of the Skin','21.3','19.9','22.7','914','4210921'
'2004','Rhode Island','Melanomas of the Skin','22.1','19.5','25','256','1074579'
'2004','Oregon','Melanomas of the Skin','26.3','24.7','28','990','3569463'
'2004','Wyoming','Melanomas of the Skin','21.9','18','26.4','114','509106'
'2004','District of Columbia','Melanomas of the Skin','6.4','4.5','8.8','38','567754'
'2004','Louisiana','Melanomas of the Skin','12.6','11.5','13.7','561','4552238'
'2004','Mississippi','Melanomas of the Skin','13.9','12.6','15.4','400','2889010'
'2004','Alaska','Melanomas of the Skin','13.2','10.1','16.9','73','659286'
'2004','Arkansas','Melanomas of the Skin','13.8','12.4','15.2','401','2749686'
'2004','North Dakota','Melanomas of the Skin','14.5','11.7','17.7','97','644705'
'2004','Wisconsin','Melanomas of the Skin','14.6','13.6','15.6','844','5514026'
'2004','Montana','Melanomas of the Skin','15.6','13.3','18.3','159','930009'
'2004','Missouri','Melanomas of the Skin','16.8','15.8','17.9','1011','5747741'
'2004','Michigan','Melanomas of the Skin','17.3','16.5','18.1','1772','10055315'
'2004','Indiana','Melanomas of the Skin','16.1','15.1','17.1','1018','6233007'
'2004','Illinois','Melanomas of the Skin','14.7','14','15.4','1838','12589773'
'2004','Arizona','Melanomas of the Skin','16.6','15.6','17.7','953','5652404'
'2004','Alabama','Melanomas of the Skin','15.4','14.3','16.6','735','4530729'
'2005','Wisconsin','Melanomas of the Skin','16.7','15.7','17.8','971','5546166'
'2005','Oklahoma','Melanomas of the Skin','17.1','15.8','18.5','629','3548597'
'2005','North Dakota','Melanomas of the Skin','14.7','11.9','18','99','646089'
'2005','New York','Melanomas of the Skin','16.1','15.5','16.7','3233','19132610'
'2005','Nevada','Melanomas of the Skin','16.9','15.3','18.6','410','2432143'
'2005','Mississippi','Melanomas of the Skin','15','13.6','16.5','431','2876229'
'2005','Illinois','Melanomas of the Skin','16.1','15.4','16.8','2040','12609903'
'2005','Alabama','Melanomas of the Skin','19.1','17.8','20.3','919','4565917'
'2005','West Virginia','Melanomas of the Skin','18.3','16.5','20.2','383','1820492'
'2005','Tennessee','Melanomas of the Skin','20.3','19.2','21.4','1275','5991057'
'2005','Pennsylvania','Melanomas of the Skin','18.3','17.6','19.1','2560','12449990'
'2005','North Carolina','Melanomas of the Skin','20.5','19.6','21.5','1826','8705407'
'2005','New Mexico','Melanomas of the Skin','18.9','17','21','370','1932274'
'2005','Nebraska','Melanomas of the Skin','18.5','16.6','20.6','342','1761497'
'2005','Missouri','Melanomas of the Skin','17.9','16.8','18.9','1094','5790300'
'2005','Montana','Melanomas of the Skin','19.2','16.5','22.1','193','940102'
'2005','Minnesota','Melanomas of the Skin','19.4','18.2','20.6','1006','5119598'
'2005','Michigan','Melanomas of the Skin','19.1','18.3','20','1979','10051137'
'2005','Kansas','Melanomas of the Skin','20','18.3','21.7','561','2745299'
'2005','Indiana','Melanomas of the Skin','17.4','16.3','18.4','1109','6278616'
'2005','Iowa','Melanomas of the Skin','18.7','17.3','20.3','601','2964454'
'2005','Florida','Melanomas of the Skin','20.3','19.6','20.9','4300','17842038'
'2005','Colorado','Melanomas of the Skin','22.4','21','23.8','993','4631888'
'2005','California','Melanomas of the Skin','21.2','20.7','21.7','7181','35827943'
'2005','Wyoming','Melanomas of the Skin','22.3','18.5','26.8','122','514157'
'2005','Washington','Melanomas of the Skin','26.1','24.8','27.4','1654','6257305'
'2005','Utah','Melanomas of the Skin','28.6','26.2','31.1','563','2457719'
'2005','Vermont','Melanomas of the Skin','33.4','29.1','38.1','225','621215'
'2005','Virginia','Melanomas of the Skin','21.2','20.1','22.2','1615','7577105'
'2005','Rhode Island','Melanomas of the Skin','23.3','20.6','26.3','268','1067916'
'2005','South Carolina','Melanomas of the Skin','23','21.6','24.5','1017','4270150'
'2005','Ohio','Melanomas of the Skin','20.8','20','21.6','2507','11463320'
'2005','Oregon','Melanomas of the Skin','27.1','25.4','28.8','1054','3613202'
'2005','New Jersey','Melanomas of the Skin','21','20.1','22','1928','8651974'
'2005','New Hampshire','Melanomas of the Skin','34.1','31','37.4','462','1298492'
'2005','Maryland','Melanomas of the Skin','21.4','20.2','22.6','1214','5592379'
'2005','Massachusetts','Melanomas of the Skin','22.9','21.8','24.1','1576','6403290'
'2005','Maine','Melanomas of the Skin','22.7','20.3','25.3','342','1318787'
'2005','Kentucky','Melanomas of the Skin','22.1','20.7','23.5','963','4182742'
'2005','Hawaii','Melanomas of the Skin','21.8','19.4','24.4','308','1292729'
'2005','Idaho','Melanomas of the Skin','27','24.3','30','366','1428241'
'2005','Georgia','Melanomas of the Skin','22','21','23','1823','8925922'
'2005','Connecticut','Melanomas of the Skin','27','25.3','28.7','1029','3506956'
'2005','Delaware','Melanomas of the Skin','27.5','24.2','31.2','249','845150'
'2005','Alaska','Melanomas of the Skin','8.4','6.1','11.1','52','666946'
'2005','District of Columbia','Melanomas of the Skin','8.5','6.3','11.2','52','567136'
'2005','Arkansas','Melanomas of the Skin','13.1','11.8','14.5','388','2781097'
'2005','South Dakota','Melanomas of the Skin','13.8','11.3','16.6','114','775493'
'2005','Texas','Melanomas of the Skin','13.8','13.3','14.4','2832','22773020'
'2005','Louisiana','Melanomas of the Skin','14.3','13.2','15.4','622','4411396'
'2005','Arizona','Melanomas of the Skin','15.2','14.2','16.2','902','5839077'
'2006','Illinois','Melanomas of the Skin','16.2','15.5','16.9','2061','12643955'
'2006','Arizona','Melanomas of the Skin','16.5','15.5','17.6','1015','6029141'
'2006','Arkansas','Melanomas of the Skin','14.8','13.5','16.3','447','2821761'
'2006','Wisconsin','Melanomas of the Skin','17.9','16.8','19','1048','5577655'
'2006','Wyoming','Melanomas of the Skin','18.8','15.3','23','102','522667'
'2006','West Virginia','Melanomas of the Skin','18.1','16.3','20.1','383','1827912'
'2006','Tennessee','Melanomas of the Skin','20.6','19.5','21.7','1315','6088766'
'2006','Pennsylvania','Melanomas of the Skin','18.2','17.5','18.9','2579','12510809'
'2006','Ohio','Melanomas of the Skin','19.1','18.4','19.9','2351','11481213'
'2006','Oklahoma','Melanomas of the Skin','18','16.7','19.5','677','3594090'
'2006','New York','Melanomas of the Skin','17.7','17.2','18.3','3597','19104631'
'2006','North Carolina','Melanomas of the Skin','19.4','18.5','20.3','1778','8917270'
'2006','Missouri','Melanomas of the Skin','17.6','16.6','18.7','1092','5842704'
'2006','Montana','Melanomas of the Skin','20.1','17.5','23.1','213','952692'
'2006','Nebraska','Melanomas of the Skin','17.6','15.7','19.7','324','1772693'
'2006','Maryland','Melanomas of the Skin','20.4','19.3','21.7','1177','5627367'
'2006','Indiana','Melanomas of the Skin','17.9','16.8','18.9','1156','6332669'
'2006','Hawaii','Melanomas of the Skin','20.5','18.2','22.9','301','1309731'
'2006','Florida','Melanomas of the Skin','18.9','18.3','19.5','4098','18166990'
'2006','California','Melanomas of the Skin','20','19.5','20.4','6818','36021202'
'2006','Alabama','Melanomas of the Skin','18.4','17.2','19.7','908','4628981'
'2006','Washington','Melanomas of the Skin','25.1','23.9','26.4','1643','6370753'
'2006','Virginia','Melanomas of the Skin','21.2','20.2','22.3','1638','7673725'
'2006','Utah','Melanomas of the Skin','30.5','28.1','33','619','2525507'
'2006','Vermont','Melanomas of the Skin','28.2','24.3','32.5','195','622892'
'2006','South Carolina','Melanomas of the Skin','22.2','20.9','23.7','1016','4357847'
'2006','Rhode Island','Melanomas of the Skin','24.5','21.7','27.6','283','1063096'
'2006','Oregon','Melanomas of the Skin','24.6','23','26.2','978','3670883'
'2006','New Hampshire','Melanomas of the Skin','29.3','26.4','32.3','405','1308389'
'2006','New Jersey','Melanomas of the Skin','22.1','21.1','23','2029','8661679'
'2006','Minnesota','Melanomas of the Skin','21.9','20.7','23.2','1155','5163555'
'2006','Massachusetts','Melanomas of the Skin','25.8','24.6','27','1785','6410084'
'2006','Maine','Melanomas of the Skin','21.3','19.1','23.8','330','1323619'
'2006','Kentucky','Melanomas of the Skin','21.9','20.5','23.3','972','4219239'
'2006','Iowa','Melanomas of the Skin','21','19.4','22.6','680','2982644'
'2006','Kansas','Melanomas of the Skin','22.7','20.9','24.5','645','2762931'
'2006','Idaho','Melanomas of the Skin','22.9','20.5','25.6','327','1468669'
'2006','Georgia','Melanomas of the Skin','21.4','20.5','22.5','1829','9155813'
'2006','Delaware','Melanomas of the Skin','27.2','24','30.8','253','859268'
'2006','Colorado','Melanomas of the Skin','24.3','22.9','25.8','1108','4720423'
'2006','Connecticut','Melanomas of the Skin','25.2','23.6','26.8','971','3517460'
'2006','Alaska','Melanomas of the Skin','9','6.6','12','55','675302'
'2006','District of Columbia','Melanomas of the Skin','10.3','7.8','13.4','59','570681'
'2006','Texas','Melanomas of the Skin','13.7','13.2','14.3','2890','23359580'
'2006','Nevada','Melanomas of the Skin','14.2','12.7','15.8','347','2522658'
'2006','Louisiana','Melanomas of the Skin','14.1','13','15.3','609','4302665'
'2006','South Dakota','Melanomas of the Skin','17','14.3','20.2','141','783033'
'2006','North Dakota','Melanomas of the Skin','15.9','13','19.2','112','649422'
'2006','New Mexico','Melanomas of the Skin','17.3','15.5','19.2','353','1962137'
'2006','Mississippi','Melanomas of the Skin','15.3','13.9','16.8','445','2904978'
'2006','Michigan','Melanomas of the Skin','17.1','16.4','18','1801','10036081'
'2007','Mississippi','Melanomas of the Skin','15.4','14','16.9','453','2928350'
'2007','Illinois','Melanomas of the Skin','17','16.3','17.7','2187','12695866'
'2007','Arizona','Melanomas of the Skin','16','15','17','1010','6167681'
'2007','Wyoming','Melanomas of the Skin','17.3','13.9','21.1','98','534876'
'2007','South Dakota','Melanomas of the Skin','15.1','12.6','18','127','791623'
'2007','New Mexico','Melanomas of the Skin','15.6','14','17.4','331','1990070'
'2007','New York','Melanomas of the Skin','16.1','15.6','16.7','3303','19132335'
'2007','Nevada','Melanomas of the Skin','16','14.5','17.7','414','2601072'
'2007','Missouri','Melanomas of the Skin','18','16.9','19.1','1125','5887612'
'2007','Michigan','Melanomas of the Skin','19.1','18.2','19.9','2022','10001284'
'2007','Iowa','Melanomas of the Skin','20','18.5','21.6','658','2999212'
'2007','Indiana','Melanomas of the Skin','18.1','17.1','19.2','1192','6379599'
'2007','Hawaii','Melanomas of the Skin','17.4','15.3','19.7','253','1315675'
'2007','Alabama','Melanomas of the Skin','19.4','18.2','20.6','970','4672840'
'2007','Wisconsin','Melanomas of the Skin','18.6','17.5','19.7','1108','5610775'
'2007','West Virginia','Melanomas of the Skin','19.4','17.6','21.4','415','1834052'
'2007','Rhode Island','Melanomas of the Skin','19.7','17.2','22.5','231','1057315'
'2007','Pennsylvania','Melanomas of the Skin','17.4','16.7','18.1','2485','12563937'
'2007','North Dakota','Melanomas of the Skin','20.2','16.9','24','140','652822'
'2007','Ohio','Melanomas of the Skin','19.6','18.8','20.4','2436','11500468'
'2007','Nebraska','Melanomas of the Skin','18.1','16.2','20.1','332','1783440'
'2007','Montana','Melanomas of the Skin','21.7','18.9','24.7','234','964706'
'2007','Minnesota','Melanomas of the Skin','23.8','22.5','25.2','1277','5207203'
'2007','Massachusetts','Melanomas of the Skin','23.6','22.4','24.7','1660','6431559'
'2007','Maryland','Melanomas of the Skin','22.2','21','23.5','1294','5653408'
'2007','Maine','Melanomas of the Skin','23.2','20.8','25.8','352','1327040'
'2007','Kentucky','Melanomas of the Skin','24.4','23','25.9','1095','4256672'
'2007','Kansas','Melanomas of the Skin','21.8','20.1','23.5','632','2783785'
'2007','Idaho','Melanomas of the Skin','24.5','22','27.2','360','1505105'
'2007','Florida','Melanomas of the Skin','21.1','20.5','21.7','4690','18367842'
'2007','Georgia','Melanomas of the Skin','21.4','20.5','22.4','1875','9349988'
'2007','Connecticut','Melanomas of the Skin','23.5','22','25.1','916','3527270'
'2007','Delaware','Melanomas of the Skin','22.9','19.9','26.2','218','871749'
'2007','Colorado','Melanomas of the Skin','21.4','20.1','22.8','1005','4803868'
'2007','California','Melanomas of the Skin','21.1','20.6','21.6','7368','36250311'
'2007','Virginia','Melanomas of the Skin','23','22','24.1','1828','7751000'
'2007','Washington','Melanomas of the Skin','24.3','23.1','25.5','1625','6461587'
'2007','Vermont','Melanomas of the Skin','28.2','24.3','32.5','200','623481'
'2007','Utah','Melanomas of the Skin','30.1','27.7','32.6','623','2597746'
'2007','Tennessee','Melanomas of the Skin','21.4','20.3','22.6','1400','6175727'
'2007','South Carolina','Melanomas of the Skin','22.9','21.6','24.4','1081','4444110'
'2007','Oregon','Melanomas of the Skin','25','23.5','26.6','1020','3722417'
'2007','Oklahoma','Melanomas of the Skin','21.5','20.1','23.1','818','3634349'
'2007','North Carolina','Melanomas of the Skin','21','20.1','22','1981','9118037'
'2007','New Jersey','Melanomas of the Skin','22.6','21.6','23.6','2100','8677885'
'2007','New Hampshire','Melanomas of the Skin','26.7','24','29.5','386','1312540'
'2007','District of Columbia','Melanomas of the Skin','10.9','8.3','14','64','574404'
'2007','Alaska','Melanomas of the Skin','10.9','8.2','14.2','62','680300'
'2007','Louisiana','Melanomas of the Skin','13.7','12.6','14.8','605','4375581'
'2007','Arkansas','Melanomas of the Skin','14.6','13.3','16.1','449','2848650'
'2007','Texas','Melanomas of the Skin','14.3','13.8','14.9','3090','23831983'
'2008','Oklahoma','Melanomas of the Skin','16.8','15.6','18.2','652','3668976'
'2008','New York','Melanomas of the Skin','17.3','16.8','17.9','3583','19212436'
'2008','Mississippi','Melanomas of the Skin','16.8','15.4','18.4','508','2947806'
'2008','Tennessee','Melanomas of the Skin','19.1','18','20.2','1268','6247411'
'2008','Rhode Island','Melanomas of the Skin','20.7','18.1','23.5','248','1055003'
'2008','Pennsylvania','Melanomas of the Skin','18.3','17.6','19.1','2672','12612285'
'2008','North Dakota','Melanomas of the Skin','18.4','15.3','21.9','129','657569'
'2008','Ohio','Melanomas of the Skin','20.5','19.7','21.3','2561','11515391'
'2008','Montana','Melanomas of the Skin','20.4','17.7','23.3','230','976415'
'2008','Nebraska','Melanomas of the Skin','18.4','16.5','20.5','353','1796378'
'2008','Missouri','Melanomas of the Skin','17.9','16.9','19','1146','5923916'
'2008','Michigan','Melanomas of the Skin','20.6','19.8','21.5','2206','9946889'
'2008','Indiana','Melanomas of the Skin','18.2','17.2','19.3','1224','6424806'
'2008','Hawaii','Melanomas of the Skin','19.7','17.5','22.1','302','1332213'
'2008','Illinois','Melanomas of the Skin','17.9','17.1','18.6','2330','12747038'
'2008','Florida','Melanomas of the Skin','20.7','20.1','21.3','4705','18527305'
'2008','Wisconsin','Melanomas of the Skin','19','17.9','20.1','1151','5640996'
'2008','West Virginia','Melanomas of the Skin','20.1','18.2','22.1','431','1840310'
'2008','California','Melanomas of the Skin','21.5','21','22','7637','36604337'
'2008','Alabama','Melanomas of the Skin','20.9','19.6','22.2','1066','4718206'
'2008','Utah','Melanomas of the Skin','30.3','28','32.8','647','2663029'
'2008','South Carolina','Melanomas of the Skin','23.3','21.9','24.7','1125','4528996'
'2008','Oregon','Melanomas of the Skin','29.1','27.4','30.8','1197','3768748'
'2008','North Carolina','Melanomas of the Skin','22.9','21.9','23.9','2221','9309449'
'2008','New Jersey','Melanomas of the Skin','21.7','20.8','22.7','2067','8711090'
'2008','New Mexico','Melanomas of the Skin','22.1','20.1','24.3','472','2010662'
'2008','New Hampshire','Melanomas of the Skin','28.1','25.4','31.1','410','1315906'
'2008','Minnesota','Melanomas of the Skin','24.6','23.2','25.9','1333','5247018'
'2008','Massachusetts','Melanomas of the Skin','23.3','22.2','24.5','1660','6468967'
'2008','Maryland','Melanomas of the Skin','21.5','20.3','22.7','1261','5684965'
'2008','Maine','Melanomas of the Skin','21.1','18.8','23.5','337','1330509'
'2008','Kentucky','Melanomas of the Skin','23.3','21.9','24.7','1069','4289878'
'2008','Iowa','Melanomas of the Skin','22','20.4','23.7','720','3016734'
'2008','Kansas','Melanomas of the Skin','24.1','22.3','26','704','2808076'
'2008','Idaho','Melanomas of the Skin','21.6','19.3','24.1','328','1534320'
'2008','Georgia','Melanomas of the Skin','21.7','20.8','22.7','1948','9504843'
'2008','Connecticut','Melanomas of the Skin','23.1','21.6','24.6','921','3545579'
'2008','Delaware','Melanomas of the Skin','24.7','21.7','28.1','240','883874'
'2008','Colorado','Melanomas of the Skin','21.5','20.2','22.9','1027','4889730'
'2008','Wyoming','Melanomas of the Skin','22.8','19','27.1','131','546043'
'2008','Washington','Melanomas of the Skin','25.6','24.4','26.8','1741','6562231'
'2008','Virginia','Melanomas of the Skin','20.8','19.8','21.8','1661','7833496'
'2008','Vermont','Melanomas of the Skin','26.3','22.6','30.4','187','624151'
'2008','District of Columbia','Melanomas of the Skin','7.9','5.7','10.5','47','580236'
'2008','Alaska','Melanomas of the Skin','12.5','9.6','16','76','687455'
'2008','Arkansas','Melanomas of the Skin','14.2','13','15.6','453','2874554'
'2008','Texas','Melanomas of the Skin','14.2','13.7','14.7','3139','24309039'
'2008','Nevada','Melanomas of the Skin','14.6','13.2','16.2','379','2653630'
'2008','Louisiana','Melanomas of the Skin','13.4','12.3','14.5','609','4435586'
'2008','Arizona','Melanomas of the Skin','15.9','14.9','16.9','1025','6280362'
'2008','South Dakota','Melanomas of the Skin','15','12.4','17.9','127','799124'
'2009','New Mexico','Melanomas of the Skin','19','17.1','20.9','415','2036802'
'2009','New York','Melanomas of the Skin','18.1','17.6','18.7','3810','19307066'
'2009','Nebraska','Melanomas of the Skin','19.3','17.3','21.4','360','1812683'
'2009','Mississippi','Melanomas of the Skin','17.7','16.2','19.3','535','2958774'
'2009','Missouri','Melanomas of the Skin','19','17.9','20.1','1235','5961088'
'2009','Michigan','Melanomas of the Skin','19.9','19','20.7','2133','9901591'
'2009','Maryland','Melanomas of the Skin','20.3','19.2','21.5','1212','5730388'
'2009','Illinois','Melanomas of the Skin','17.9','17.2','18.7','2364','12796778'
'2009','Indiana','Melanomas of the Skin','18.9','17.9','20','1272','6459325'
'2009','Florida','Melanomas of the Skin','20.2','19.6','20.8','4698','18652644'
'2009','Arizona','Melanomas of the Skin','18.1','17.1','19.2','1208','6343154'
'2009','Virginia','Melanomas of the Skin','18.9','17.9','19.8','1543','7925937'
'2009','Pennsylvania','Melanomas of the Skin','20.4','19.7','21.2','3012','12666858'
'2009','Rhode Island','Melanomas of the Skin','20','17.5','22.7','241','1053646'
'2009','Wisconsin','Melanomas of the Skin','20.3','19.2','21.5','1243','5669264'
'2009','North Dakota','Melanomas of the Skin','22','18.7','25.9','159','664968'
'2009','Ohio','Melanomas of the Skin','20.8','20','21.6','2617','11528896'
'2009','North Carolina','Melanomas of the Skin','25.2','24.2','26.2','2474','9449566'
'2009','New Jersey','Melanomas of the Skin','21.2','20.2','22.1','2034','8755602'
'2009','New Hampshire','Melanomas of the Skin','25.7','23.1','28.5','376','1316102'
'2009','Montana','Melanomas of the Skin','21.5','18.8','24.5','242','983982'
'2009','Minnesota','Melanomas of the Skin','26.4','25.1','27.8','1475','5281203'
'2009','Maine','Melanomas of the Skin','23.1','20.8','25.7','378','1329590'
'2009','Massachusetts','Melanomas of the Skin','22.3','21.2','23.4','1597','6517613'
'2009','Kansas','Melanomas of the Skin','23.9','22.1','25.7','723','2832704'
'2009','Kentucky','Melanomas of the Skin','24.1','22.7','25.6','1110','4317074'
'2009','Iowa','Melanomas of the Skin','23.1','21.4','24.8','768','3032870'
'2009','Idaho','Melanomas of the Skin','26.1','23.6','28.8','409','1554439'
'2009','Hawaii','Melanomas of the Skin','21','18.7','23.5','319','1346717'
'2009','Georgia','Melanomas of the Skin','22.2','21.2','23.2','2032','9620846'
'2009','Delaware','Melanomas of the Skin','29.4','26.1','33.1','295','891730'
'2009','Connecticut','Melanomas of the Skin','23.8','22.3','25.4','960','3561807'
'2009','Colorado','Melanomas of the Skin','23','21.7','24.4','1137','4972195'
'2009','California','Melanomas of the Skin','20.8','20.3','21.3','7533','36961229'
'2009','Alabama','Melanomas of the Skin','22.5','21.2','23.9','1156','4757938'
'2009','Washington','Melanomas of the Skin','25.6','24.4','26.8','1784','6667426'
'2009','Utah','Melanomas of the Skin','30.8','28.5','33.2','679','2723421'
'2009','Vermont','Melanomas of the Skin','32.7','28.6','37.3','241','624817'
'2009','Tennessee','Melanomas of the Skin','23.4','22.2','24.6','1586','6306019'
'2009','South Carolina','Melanomas of the Skin','24.6','23.2','26','1216','4589872'
'2009','Oregon','Melanomas of the Skin','24.8','23.3','26.4','1043','3808600'
'2009','Wyoming','Melanomas of the Skin','21.3','17.6','25.5','124','559851'
'2009','West Virginia','Melanomas of the Skin','22.5','20.5','24.7','482','1847775'
'2009','District of Columbia','Melanomas of the Skin','7.9','5.8','10.5','50','592228'
'2009','Alaska','Melanomas of the Skin','12','9.1','15.4','75','698895'
'2009','Texas','Melanomas of the Skin','13.7','13.2','14.2','3125','24801761'
'2009','Oklahoma','Melanomas of the Skin','17','15.7','18.3','676','3717572'
'2009','Nevada','Melanomas of the Skin','16.3','14.7','17.9','438','2684665'
'2009','Louisiana','Melanomas of the Skin','16.3','15.1','17.5','746','4491648'
'2009','Arkansas','Melanomas of the Skin','15.7','14.3','17.1','495','2896843'
'2009','South Dakota','Melanomas of the Skin','17','14.4','20','152','807067'
'2010','Oklahoma','Melanomas of the Skin','14.8','13.6','16','593','3759632'
'2010','New York','Melanomas of the Skin','16.8','16.2','17.4','3560','19400080'
'2010','Nevada','Melanomas of the Skin','15.7','14.2','17.3','426','2702464'
'2010','Mississippi','Melanomas of the Skin','16.6','15.2','18.1','511','2970536'
'2010','Missouri','Melanomas of the Skin','17.2','16.2','18.2','1127','5995976'
'2010','Louisiana','Melanomas of the Skin','15.5','14.4','16.7','721','4544532'
'2010','Virginia','Melanomas of the Skin','18.6','17.7','19.6','1561','8023680'
'2010','South Dakota','Melanomas of the Skin','20.6','17.6','24','178','816165'
'2010','Ohio','Melanomas of the Skin','19.3','18.5','20.1','2466','11539327'
'2010','New Mexico','Melanomas of the Skin','20.1','18.2','22','444','2064588'
'2010','Nebraska','Melanomas of the Skin','18.2','16.3','20.2','352','1829536'
'2010','Michigan','Melanomas of the Skin','18.1','17.3','19','1977','9877535'
'2010','Illinois','Melanomas of the Skin','17.4','16.7','18.1','2333','12840762'
'2010','Indiana','Melanomas of the Skin','19.7','18.7','20.8','1361','6490436'
'2010','Florida','Melanomas of the Skin','19.6','19','20.2','4597','18845785'
'2010','Wyoming','Melanomas of the Skin','30.1','25.7','35.1','175','564483'
'2010','California','Melanomas of the Skin','21','20.5','21.5','7739','37320903'
'2010','Alabama','Melanomas of the Skin','21.6','20.4','22.9','1134','4785448'
'2010','West Virginia','Melanomas of the Skin','20.9','19','22.9','468','1854214'
'2010','Wisconsin','Melanomas of the Skin','22.5','21.4','23.8','1402','5690479'
'2010','Washington','Melanomas of the Skin','26.9','25.6','28.1','1902','6742902'
'2010','Utah','Melanomas of the Skin','33.6','31.2','36.1','765','2775334'
'2010','Vermont','Melanomas of the Skin','28.1','24.3','32.3','208','625880'
'2010','South Carolina','Melanomas of the Skin','22.8','21.5','24.2','1159','4635656'
'2010','Tennessee','Melanomas of the Skin','21.8','20.7','23','1508','6355301'
'2010','Rhode Island','Melanomas of the Skin','22.8','20.1','25.8','272','1053938'
'2010','Pennsylvania','Melanomas of the Skin','21','20.3','21.8','3157','12711158'
'2010','Oregon','Melanomas of the Skin','27.1','25.5','28.7','1168','3837532'
'2010','North Carolina','Melanomas of the Skin','22.8','21.9','23.8','2305','9574293'
'2010','North Dakota','Melanomas of the Skin','23','19.6','26.8','170','674710'
'2010','New Jersey','Melanomas of the Skin','22.1','21.2','23.1','2162','8799624'
'2010','New Hampshire','Melanomas of the Skin','28.6','25.9','31.5','433','1316777'
'2010','Montana','Melanomas of the Skin','25.7','22.8','29','294','990722'
'2010','Minnesota','Melanomas of the Skin','28.3','26.9','29.8','1595','5310843'
'2010','Massachusetts','Melanomas of the Skin','21','20','22.1','1552','6566431'
'2010','Maine','Melanomas of the Skin','22.2','19.8','24.7','357','1327632'
'2010','Maryland','Melanomas of the Skin','21.3','20.1','22.5','1306','5788642'
'2010','Iowa','Melanomas of the Skin','25.3','23.6','27.1','860','3050767'
'2010','Kansas','Melanomas of the Skin','23.9','22.1','25.7','715','2858213'
'2010','Kentucky','Melanomas of the Skin','24.3','22.9','25.8','1144','4348200'
'2010','Idaho','Melanomas of the Skin','24.6','22.2','27.1','396','1570773'
'2010','Georgia','Melanomas of the Skin','23.1','22.1','24.1','2164','9711810'
'2010','Hawaii','Melanomas of the Skin','22','19.7','24.5','347','1363963'
'2010','Connecticut','Melanomas of the Skin','23.4','21.9','25','948','3579125'
'2010','Delaware','Melanomas of the Skin','30.4','27.1','34.1','308','899595'
'2010','Colorado','Melanomas of the Skin','22.4','21.1','23.8','1117','5048281'
'2010','District of Columbia','Melanomas of the Skin','7.8','5.7','10.5','48','605085'
'2010','Alaska','Melanomas of the Skin','14.1','11.2','17.6','93','713906'
'2010','Texas','Melanomas of the Skin','12.8','12.3','13.3','2988','25242679'
'2010','Arkansas','Melanomas of the Skin','15.4','14','16.8','495','2921978'
'2010','Arizona','Melanomas of the Skin','16.2','15.2','17.2','1111','6407774'
'2011','Texas','Melanomas of the Skin','15.2','14.7','15.8','3652','25646227'
'2011','Oklahoma','Melanomas of the Skin','16.1','14.8','17.4','647','3787821'
'2011','New Mexico','Melanomas of the Skin','15.1','13.6','16.9','349','2080395'
'2011','Louisiana','Melanomas of the Skin','14.8','13.7','16','705','4575184'
'2011','Arizona','Melanomas of the Skin','19.6','18.6','20.7','1391','6473497'
'2011','Arkansas','Melanomas of the Skin','18','16.6','19.5','597','2940407'
'2011','Virginia','Melanomas of the Skin','18.4','17.5','19.3','1573','8100469'
'2011','Tennessee','Melanomas of the Skin','20.7','19.6','21.8','1452','6397410'
'2011','Rhode Island','Melanomas of the Skin','20.6','18','23.5','241','1053536'
'2011','Ohio','Melanomas of the Skin','20.3','19.5','21.1','2612','11543463'
'2011','New York','Melanomas of the Skin','18.7','18.1','19.3','4057','19498514'
'2011','Nebraska','Melanomas of the Skin','19.7','17.7','21.8','390','1840538'
'2011','Mississippi','Melanomas of the Skin','18.8','17.3','20.4','595','2978470'
'2011','Missouri','Melanomas of the Skin','19','17.9','20.1','1254','6009641'
'2011','Michigan','Melanomas of the Skin','18.9','18.1','19.7','2078','9881521'
'2011','Maryland','Melanomas of the Skin','20.6','19.5','21.8','1295','5838991'
'2011','Indiana','Melanomas of the Skin','17.4','16.4','18.4','1209','6516045'
'2011','Illinois','Melanomas of the Skin','18.5','17.8','19.2','2502','12867291'
'2011','Hawaii','Melanomas of the Skin','19.7','17.5','22.1','314','1379252'
'2011','Wyoming','Melanomas of the Skin','20.9','17.3','25','125','567224'
'2011','Wisconsin','Melanomas of the Skin','21.6','20.5','22.8','1370','5704755'
'2011','West Virginia','Melanomas of the Skin','22.2','20.3','24.4','495','1856074'
'2011','Washington','Melanomas of the Skin','26.3','25.1','27.5','1898','6821655'
'2011','Florida','Melanomas of the Skin','22.8','22.2','23.4','5552','19093352'
'2011','Georgia','Melanomas of the Skin','23.8','22.8','24.9','2269','9801578'
'2011','Delaware','Melanomas of the Skin','30.9','27.6','34.5','322','907316'
'2011','Colorado','Melanomas of the Skin','22.1','20.8','23.4','1141','5121771'
'2011','Connecticut','Melanomas of the Skin','21','19.6','22.4','874','3588023'
'2011','California','Melanomas of the Skin','20.8','20.3','21.3','7866','37641823'
'2011','Alabama','Melanomas of the Skin','20.7','19.5','22','1103','4798834'
'2011','Utah','Melanomas of the Skin','34.7','32.3','37.2','802','2814216'
'2011','Vermont','Melanomas of the Skin','29.4','25.5','33.6','225','626979'
'2011','South Carolina','Melanomas of the Skin','20.9','19.6','22.2','1082','4671422'
'2011','South Dakota','Melanomas of the Skin','21.3','18.3','24.6','196','823484'
'2011','Oregon','Melanomas of the Skin','27.6','26','29.2','1197','3871728'
'2011','Pennsylvania','Melanomas of the Skin','21.7','21','22.5','3288','12744583'
'2011','North Dakota','Melanomas of the Skin','22.9','19.6','26.7','178','685136'
'2011','North Carolina','Melanomas of the Skin','22.4','21.5','23.4','2325','9656754'
'2011','New Hampshire','Melanomas of the Skin','27','24.4','29.9','410','1319815'
'2011','New Jersey','Melanomas of the Skin','21.7','20.8','22.7','2147','8827783'
'2011','Montana','Melanomas of the Skin','24.3','21.4','27.4','288','997221'
'2011','Minnesota','Melanomas of the Skin','27.6','26.2','29','1576','5345668'
'2011','Massachusetts','Melanomas of the Skin','22.9','21.8','24.1','1717','6613149'
'2011','Maine','Melanomas of the Skin','22.3','20','24.8','373','1328150'
'2011','Kentucky','Melanomas of the Skin','23.6','22.2','25.1','1122','4369488'
'2011','Kansas','Melanomas of the Skin','24.7','23','26.6','745','2869035'
'2011','Iowa','Melanomas of the Skin','24.3','22.6','26.1','818','3066054'
'2011','Idaho','Melanomas of the Skin','28','25.4','30.7','449','1583828'
'2011','District of Columbia','Melanomas of the Skin','9','6.8','11.8','57','619602'
'2011','Alaska','Melanomas of the Skin','12.3','9.6','15.6','83','722038'
'2011','Nevada','Melanomas of the Skin','13.4','12.1','14.9','375','2712799'
'2012','Alaska','Melanomas of the Skin','14.9','11.9','18.3','100','730399'
'2012','Louisiana','Melanomas of the Skin','17.1','16','18.4','822','4600814'
'2012','Virginia','Melanomas of the Skin','17.3','16.4','18.2','1523','8185229'
'2012','New Mexico','Melanomas of the Skin','15.8','14.2','17.6','367','2087549'
'2012','Mississippi','Melanomas of the Skin','17.3','15.9','18.8','559','2983767'
'2012','Connecticut','Melanomas of the Skin','19.9','18.5','21.3','849','3594395'
'2012','Arizona','Melanomas of the Skin','19.1','18.1','20.2','1388','6556629'
'2012','Arkansas','Melanomas of the Skin','20.6','19','22.2','679','2952109'
'2012','Indiana','Melanomas of the Skin','18.6','17.6','19.7','1304','6537640'
'2012','Hawaii','Melanomas of the Skin','18.3','16.2','20.6','296','1394905'
'2012','Illinois','Melanomas of the Skin','18.8','18.1','19.5','2585','12884119'
'2012','Tennessee','Melanomas of the Skin','20','18.9','21.1','1425','6451281'
'2012','Ohio','Melanomas of the Skin','19.6','18.9','20.4','2543','11548369'
'2012','Oklahoma','Melanomas of the Skin','18','16.7','19.4','740','3818600'
'2012','New York','Melanomas of the Skin','17.5','16.9','18.1','3843','19574549'
'2012','Nebraska','Melanomas of the Skin','17.9','16','19.9','362','1853323'
'2012','Missouri','Melanomas of the Skin','18.8','17.8','19.9','1282','6024081'
'2012','Michigan','Melanomas of the Skin','18.4','17.6','19.3','2064','9896930'
'2012','Georgia','Melanomas of the Skin','26.7','25.7','27.8','2635','9901496'
'2012','Delaware','Melanomas of the Skin','30.1','26.9','33.6','330','915188'
'2012','Florida','Melanomas of the Skin','22.3','21.8','23','5616','19326230'
'2012','Colorado','Melanomas of the Skin','22.7','21.4','24.1','1207','5193721'
'2012','California','Melanomas of the Skin','21.5','21','21.9','8287','37960782'
'2012','Alabama','Melanomas of the Skin','22.2','21','23.5','1204','4815564'
'2012','Kentucky','Melanomas of the Skin','25.6','24.2','27.1','1255','4386381'
'2012','Maine','Melanomas of the Skin','23.9','21.6','26.5','414','1327691'
'2012','Iowa','Melanomas of the Skin','24.4','22.7','26.2','851','3076097'
'2012','Kansas','Melanomas of the Skin','24.5','22.8','26.4','755','2885361'
'2012','Idaho','Melanomas of the Skin','27.4','24.9','30.1','462','1595441'
'2012','Wyoming','Melanomas of the Skin','21.8','18.1','26','129','576270'
'2012','West Virginia','Melanomas of the Skin','21.2','19.3','23.3','481','1856764'
'2012','Wisconsin','Melanomas of the Skin','23.8','22.6','25','1528','5719855'
'2012','Vermont','Melanomas of the Skin','31.1','27.2','35.6','239','626063'
'2012','Washington','Melanomas of the Skin','25.4','24.2','26.6','1893','6892876'
'2012','Utah','Melanomas of the Skin','35.5','33.2','38.1','849','2853467'
'2012','South Carolina','Melanomas of the Skin','22.7','21.4','24.1','1220','4717112'
'2012','South Dakota','Melanomas of the Skin','24','20.8','27.6','216','833496'
'2012','Oregon','Melanomas of the Skin','27.3','25.7','28.9','1218','3899118'
'2012','Pennsylvania','Melanomas of the Skin','21.8','21','22.5','3307','12766827'
'2012','Rhode Island','Melanomas of the Skin','22.2','19.6','25','275','1054601'
'2012','North Dakota','Melanomas of the Skin','22.7','19.3','26.4','173','701116'
'2012','North Carolina','Melanomas of the Skin','24.1','23.1','25','2557','9749123'
'2012','New Jersey','Melanomas of the Skin','21.9','21','22.8','2200','8845483'
'2012','New Hampshire','Melanomas of the Skin','26.3','23.8','29.1','412','1323962'
'2012','Montana','Melanomas of the Skin','26.8','23.7','30.1','308','1003754'
'2012','Minnesota','Melanomas of the Skin','29.4','28','30.9','1737','5376550'
'2012','Massachusetts','Melanomas of the Skin','20.9','19.9','22','1585','6663158'
'2012','Maryland','Melanomas of the Skin','21.1','20','22.3','1347','5887072'
'2012','District of Columbia','Melanomas of the Skin','7.6','5.6','10.2','50','634725'
'2012','Texas','Melanomas of the Skin','12.4','11.9','12.8','3059','26089620'
'2012','Nevada','Melanomas of the Skin','14.2','12.8','15.7','417','2744566'
'2013','Alaska','Melanomas of the Skin','15.4','12.4','18.9','104','737045'
'2013','Missouri','Melanomas of the Skin','18.9','17.9','20','1304','6040658'
'2013','Michigan','Melanomas of the Skin','18.8','18','19.7','2125','9913349'
'2013','Massachusetts','Melanomas of the Skin','19.8','18.8','20.8','1536','6713944'
'2013','Illinois','Melanomas of the Skin','18','17.3','18.7','2520','12898269'
'2013','Indiana','Melanomas of the Skin','17.8','16.8','18.8','1276','6568367'
'2013','Hawaii','Melanomas of the Skin','19.2','17.1','21.5','321','1408453'
'2013','Connecticut','Melanomas of the Skin','20.2','18.8','21.6','871','3594915'
'2013','Arkansas','Melanomas of the Skin','20.4','18.8','22','675','2959549'
'2013','Arizona','Melanomas of the Skin','19.9','18.9','20.9','1495','6634999'
'2013','Ohio','Melanomas of the Skin','19.8','19.1','20.6','2640','11576576'
'2013','Oklahoma','Melanomas of the Skin','19.2','17.9','20.6','803','3853205'
'2013','New York','Melanomas of the Skin','19.2','18.7','19.8','4289','19628043'
'2013','Alabama','Melanomas of the Skin','18.8','17.6','20','1034','4830460'
'2013','Wyoming','Melanomas of the Skin','20.6','17.2','24.6','133','582123'
'2013','West Virginia','Melanomas of the Skin','19.9','18.1','21.9','457','1853873'
'2013','Virginia','Melanomas of the Skin','20.7','19.8','21.7','1870','8253053'
'2013','Tennessee','Melanomas of the Skin','20.6','19.5','21.6','1507','6493432'
'2013','Nebraska','Melanomas of the Skin','23.7','21.6','26','474','1865414'
'2013','Montana','Melanomas of the Skin','26.4','23.5','29.6','325','1013564'
'2013','Minnesota','Melanomas of the Skin','29.6','28.2','31.1','1768','5413693'
'2013','Maine','Melanomas of the Skin','24.6','22.3','27.2','422','1328196'
'2013','Maryland','Melanomas of the Skin','22.5','21.4','23.7','1464','5923704'
'2013','Kansas','Melanomas of the Skin','24.4','22.6','26.2','763','2893510'
'2013','Kentucky','Melanomas of the Skin','24.6','23.2','26.1','1220','4404817'
'2013','Iowa','Melanomas of the Skin','26.8','25','28.7','916','3093078'
'2013','Idaho','Melanomas of the Skin','26.5','24','29.1','452','1611530'
'2013','Florida','Melanomas of the Skin','24.1','23.5','24.8','6226','19563166'
'2013','Georgia','Melanomas of the Skin','25.2','24.3','26.3','2532','9973326'
'2013','Delaware','Melanomas of the Skin','30','26.8','33.6','326','923638'
'2013','Colorado','Melanomas of the Skin','21.9','20.6','23.2','1201','5270482'
'2013','California','Melanomas of the Skin','22.3','21.8','22.7','8802','38280824'
'2013','North Dakota','Melanomas of the Skin','23.6','20.2','27.4','187','721999'
'2013','North Carolina','Melanomas of the Skin','25','24.1','26','2728','9843599'
'2013','New Hampshire','Melanomas of the Skin','27.9','25.3','30.7','453','1326408'
'2013','New Jersey','Melanomas of the Skin','22.7','21.7','23.6','2297','8858362'
'2013','South Dakota','Melanomas of the Skin','21.7','18.8','25.1','204','842270'
'2013','South Carolina','Melanomas of the Skin','23.2','21.9','24.6','1271','4764153'
'2013','Pennsylvania','Melanomas of the Skin','24.9','24.1','25.7','3820','12776621'
'2013','Rhode Island','Melanomas of the Skin','23.8','21.2','26.7','307','1055122'
'2013','Oregon','Melanomas of the Skin','29.1','27.6','30.8','1331','3922908'
'2013','Wisconsin','Melanomas of the Skin','22.4','21.3','23.6','1473','5736952'
'2013','Vermont','Melanomas of the Skin','33.2','29.1','37.7','261','626212'
'2013','Washington','Melanomas of the Skin','25.9','24.8','27.1','1977','6962906'
'2013','Utah','Melanomas of the Skin','38','35.6','40.6','929','2897927'
'2013','District of Columbia','Melanomas of the Skin','9.8','7.5','12.6','65','650431'
'2013','New Mexico','Melanomas of the Skin','13.8','12.3','15.5','326','2092792'
'2013','Nevada','Melanomas of the Skin','14.6','13.3','16.1','437','2776972'
'2013','Texas','Melanomas of the Skin','12.7','12.2','13.1','3203','26489464'
'2013','Mississippi','Melanomas of the Skin','17.3','15.9','18.9','559','2988797'
'2013','Louisiana','Melanomas of the Skin','16.8','15.6','18','821','4624577'
'2014','Arkansas','Melanomas of the Skin','20.6','19.1','22.2','706','2967726'
'2014','Alabama','Melanomas of the Skin','19.3','18.1','20.5','1058','4842481'
'2014','West Virginia','Melanomas of the Skin','20.3','18.4','22.3','454','1849467'
'2014','Virginia','Melanomas of the Skin','20.1','19.2','21.1','1847','8312076'
'2014','Tennessee','Melanomas of the Skin','19.4','18.4','20.4','1449','6540826'
'2014','New York','Melanomas of the Skin','18.5','18','19.1','4169','19656330'
'2014','Missouri','Melanomas of the Skin','19.6','18.6','20.7','1363','6056293'
'2014','Mississippi','Melanomas of the Skin','17.6','16.1','19.1','568','2990623'
'2014','Michigan','Melanomas of the Skin','19.2','18.3','20','2194','9930589'
'2014','Massachusetts','Melanomas of the Skin','18.7','17.7','19.7','1478','6763652'
'2014','Louisiana','Melanomas of the Skin','17.4','16.2','18.6','868','4644204'
'2014','Illinois','Melanomas of the Skin','18.8','18.1','19.6','2690','12888962'
'2014','Hawaii','Melanomas of the Skin','20.3','18.1','22.6','348','1414862'
'2014','Colorado','Melanomas of the Skin','22.4','21.2','23.7','1264','5351218'
'2014','Connecticut','Melanomas of the Skin','21.9','20.5','23.4','941','3594783'
'2014','Delaware','Melanomas of the Skin','29.8','26.7','33.2','343','932596'
'2014','California','Melanomas of the Skin','23.5','23','23.9','9550','38625139'
'2014','Arizona','Melanomas of the Skin','21.9','20.9','23','1705','6733840'
'2014','Wisconsin','Melanomas of the Skin','24.6','23.4','25.8','1630','5751974'
'2014','Wyoming','Melanomas of the Skin','26.6','22.6','31.1','171','582548'
'2014','Washington','Melanomas of the Skin','26.5','25.3','27.7','2060','7052439'
'2014','Utah','Melanomas of the Skin','42.7','40.2','45.4','1076','2937399'
'2014','Vermont','Melanomas of the Skin','36.7','32.5','41.4','296','625218'
'2014','South Dakota','Melanomas of the Skin','26.7','23.4','30.4','245','849088'
'2014','South Carolina','Melanomas of the Skin','23','21.7','24.4','1296','4823793'
'2014','Pennsylvania','Melanomas of the Skin','26','25.2','26.9','4059','12789101'
'2014','Rhode Island','Melanomas of the Skin','27.6','24.7','30.8','348','1056017'
'2014','Oregon','Melanomas of the Skin','29.5','27.9','31.1','1373','3964106'
'2014','Oklahoma','Melanomas of the Skin','22.6','21.2','24.1','956','3878367'
'2014','Ohio','Melanomas of the Skin','23.3','22.5','24.2','3142','11602973'
'2014','North Carolina','Melanomas of the Skin','25.7','24.7','26.6','2866','9933944'
'2014','North Dakota','Melanomas of the Skin','21.5','18.3','25.2','167','737382'
'2014','New Jersey','Melanomas of the Skin','22.1','21.2','23.1','2308','8866780'
'2014','New Hampshire','Melanomas of the Skin','33.8','30.9','36.9','553','1333223'
'2014','Nebraska','Melanomas of the Skin','23.7','21.6','25.9','489','1879522'
'2014','Montana','Melanomas of the Skin','27.5','24.5','30.7','339','1021891'
'2014','Minnesota','Melanomas of the Skin','29.6','28.2','31','1797','5451522'
'2014','Maryland','Melanomas of the Skin','22','20.8','23.1','1451','5958165'
'2014','Maine','Melanomas of the Skin','25.1','22.7','27.7','445','1330760'
'2014','Kentucky','Melanomas of the Skin','27.7','26.2','29.2','1359','4414483'
'2014','Kansas','Melanomas of the Skin','25.2','23.4','27','795','2900896'
'2014','Indiana','Melanomas of the Skin','21.6','20.5','22.7','1567','6593533'
'2014','Iowa','Melanomas of the Skin','25.3','23.7','27.1','904','3109504'
'2014','Idaho','Melanomas of the Skin','27.3','24.8','29.9','482','1631479'
'2014','Florida','Melanomas of the Skin','24.8','24.2','25.4','6536','19860330'
'2014','Georgia','Melanomas of the Skin','28','27','29.1','2890','10069001'
'2014','District of Columbia','Melanomas of the Skin','10.2','7.8','13','68','662513'
'2014','Texas','Melanomas of the Skin','13','12.5','13.4','3381','26977142'
'2014','Alaska','Melanomas of the Skin','16.5','13.3','20.1','108','736307'
'2014','New Mexico','Melanomas of the Skin','14.8','13.3','16.4','362','2090342'
'2014','Nevada','Melanomas of the Skin','15.7','14.3','17.2','485','2819012'
'2015','New Mexico','Melanomas of the Skin','16.5','14.9','18.2','412','2090211'
'2015','Mississippi','Melanomas of the Skin','16.2','14.8','17.7','534','2988693'
'2015','Virginia','Melanomas of the Skin','18.9','18','19.8','1749','8362907'
'2015','New York','Melanomas of the Skin','17.9','17.3','18.4','4103','19661411'
'2015','Missouri','Melanomas of the Skin','20.3','19.2','21.4','1431','6071745'
'2015','Michigan','Melanomas of the Skin','20.5','19.6','21.4','2357','9932573'
'2015','Louisiana','Melanomas of the Skin','19','17.8','20.2','965','4664851'
'2015','Illinois','Melanomas of the Skin','20.5','19.8','21.3','2918','12864342'
'2015','Connecticut','Melanomas of the Skin','20.5','19.1','21.9','885','3587509'
'2015','Wyoming','Melanomas of the Skin','23.2','19.6','27.4','154','585668'
'2015','Wisconsin','Melanomas of the Skin','24.6','23.4','25.8','1651','5761406'
'2015','West Virginia','Melanomas of the Skin','21.1','19.2','23.2','482','1841996'
'2015','Washington','Melanomas of the Skin','26.4','25.3','27.6','2122','7163543'
'2015','Vermont','Melanomas of the Skin','36.5','32.2','41.2','293','625197'
'2015','Tennessee','Melanomas of the Skin','22.3','21.2','23.4','1695','6590808'
'2015','Utah','Melanomas of the Skin','41','38.6','43.6','1064','2982497'
'2015','Rhode Island','Melanomas of the Skin','24.1','21.4','27.1','312','1056173'
'2015','South Carolina','Melanomas of the Skin','23.5','22.2','24.8','1351','4892253'
'2015','South Dakota','Melanomas of the Skin','25.2','22','28.8','237','853933'
'2015','Oklahoma','Melanomas of the Skin','22','20.6','23.5','947','3909831'
'2015','Oregon','Melanomas of the Skin','28','26.5','29.6','1364','4016918'
'2015','Pennsylvania','Melanomas of the Skin','25.9','25.1','26.7','4059','12785759'
'2015','Ohio','Melanomas of the Skin','25.5','24.7','26.4','3459','11617850'
'2015','North Dakota','Melanomas of the Skin','26.2','22.5','30.2','203','754022'
'2015','North Carolina','Melanomas of the Skin','27.5','26.5','28.5','3151','10033079'
'2015','New Hampshire','Melanomas of the Skin','32.3','29.5','35.4','524','1336294'
'2015','New Jersey','Melanomas of the Skin','22.6','21.7','23.5','2384','8870869'
'2015','Montana','Melanomas of the Skin','26.3','23.4','29.4','329','1030503'
'2015','Nebraska','Melanomas of the Skin','25.9','23.6','28.2','527','1891507'
'2015','Minnesota','Melanomas of the Skin','32.3','30.9','33.8','1985','5482503'
'2015','Massachusetts','Melanomas of the Skin','21.9','20.8','23','1750','6795891'
'2015','Maryland','Melanomas of the Skin','25.6','24.4','26.9','1719','5986717'
'2015','Kentucky','Melanomas of the Skin','27.7','26.2','29.2','1394','4425999'
'2015','Maine','Melanomas of the Skin','28.2','25.6','30.9','486','1328484'
'2015','Indiana','Melanomas of the Skin','22.8','21.7','24','1681','6608296'
'2015','Iowa','Melanomas of the Skin','26.8','25','28.6','961','3121460'
'2015','Kansas','Melanomas of the Skin','27.5','25.7','29.4','878','2909502'
'2015','Hawaii','Melanomas of the Skin','23','20.7','25.5','399','1422484'
'2015','Idaho','Melanomas of the Skin','28.8','26.3','31.5','512','1651523'
'2015','Florida','Melanomas of the Skin','25.6','25','26.2','6977','20224249'
'2015','Georgia','Melanomas of the Skin','27.8','26.8','28.9','2940','10181111'
'2015','Delaware','Melanomas of the Skin','29.7','26.6','33.2','348','941413'
'2015','Colorado','Melanomas of the Skin','22.3','21.1','23.6','1299','5452107'
'2015','California','Melanomas of the Skin','23.4','22.9','23.8','9722','38953142'
'2015','Arizona','Melanomas of the Skin','23.7','22.6','24.8','1898','6833596'
'2015','Arkansas','Melanomas of the Skin','22.6','21','24.3','781','2978407'
'2015','Alabama','Melanomas of the Skin','22.6','21.3','23.9','1270','4853160'
'2015','District of Columbia','Melanomas of the Skin','10.6','8.2','13.4','73','675254'
'2015','Texas','Melanomas of the Skin','13.3','12.8','13.7','3533','27486814'
'2015','Nevada','Melanomas of the Skin','12.7','11.5','14','403','2868666'
'2015','Alaska','Melanomas of the Skin','13.4','10.6','16.8','90','737547'
'2016','Alaska','Melanomas of the Skin','14.7','11.8','18.1','100','741504'
'2016','Wyoming','Melanomas of the Skin','19.9','16.6','23.7','137','584290'
'2016','Virginia','Melanomas of the Skin','19.6','18.7','20.5','1868','8410946'
'2016','Tennessee','Melanomas of the Skin','19.5','18.5','20.5','1517','6645011'
'2016','New York','Melanomas of the Skin','17.9','17.3','18.4','4155','19641589'
'2016','Nevada','Melanomas of the Skin','18.7','17.2','20.3','622','2919772'
'2016','Missouri','Melanomas of the Skin','18.9','17.8','19.9','1327','6087203'
'2016','Mississippi','Melanomas of the Skin','18','16.6','19.6','605','2988298'
'2016','Connecticut','Melanomas of the Skin','20.6','19.3','22.1','916','3578674'
'2016','West Virginia','Melanomas of the Skin','22.1','20.2','24.2','521','1830929'
'2016','Wisconsin','Melanomas of the Skin','24.9','23.7','26.2','1705','5772958'
'2016','Washington','Melanomas of the Skin','25.5','24.4','26.7','2095','7294680'
'2016','Utah','Melanomas of the Skin','41.5','39.1','44.1','1112','3042613'
'2016','Vermont','Melanomas of the Skin','41.8','37.3','46.9','335','623644'
'2016','South Dakota','Melanomas of the Skin','25.2','22','28.8','240','862890'
'2016','South Carolina','Melanomas of the Skin','24.4','23.1','25.7','1463','4958235'
'2016','Pennsylvania','Melanomas of the Skin','23.2','22.5','24','3706','12783538'
'2016','Rhode Island','Melanomas of the Skin','22.3','19.7','25.2','288','1057063'
'2016','Oregon','Melanomas of the Skin','25.5','24.1','27','1243','4091404'
'2016','Ohio','Melanomas of the Skin','26.4','25.5','27.3','3609','11635003'
'2016','Oklahoma','Melanomas of the Skin','25.2','23.7','26.8','1098','3926769'
'2016','North Dakota','Melanomas of the Skin','22.6','19.3','26.2','183','754353'
'2016','North Carolina','Melanomas of the Skin','26.5','25.5','27.5','3073','10156679'
'2016','New Hampshire','Melanomas of the Skin','31.3','28.6','34.2','543','1342373'
'2016','New Jersey','Melanomas of the Skin','21.1','20.2','22','2236','8874516'
'2016','Montana','Melanomas of the Skin','27.6','24.6','30.9','348','1040863'
'2016','Nebraska','Melanomas of the Skin','29.3','27','31.9','604','1905924'
'2016','Minnesota','Melanomas of the Skin','32','30.6','33.5','1995','5523409'
'2016','Maryland','Melanomas of the Skin','24.4','23.2','25.6','1664','6004692'
'2016','Massachusetts','Melanomas of the Skin','24.8','23.7','26','2023','6826022'
'2016','Michigan','Melanomas of the Skin','21.3','20.4','22.1','2522','9951890'
'2016','Kentucky','Melanomas of the Skin','29.2','27.7','30.8','1488','4438229'
'2016','Maine','Melanomas of the Skin','28.2','25.6','30.9','502','1331370'
'2016','Kansas','Melanomas of the Skin','27.4','25.6','29.4','877','2911263'
'2016','Iowa','Melanomas of the Skin','29.2','27.4','31.1','1047','3131785'
'2016','Illinois','Melanomas of the Skin','22.1','21.4','22.9','3218','12826895'
'2016','Indiana','Melanomas of the Skin','24.2','23','25.4','1789','6633344'
'2016','Idaho','Melanomas of the Skin','30.5','27.9','33.2','558','1682930'
'2016','Hawaii','Melanomas of the Skin','25.9','23.5','28.6','447','1428105'
'2016','Georgia','Melanomas of the Skin','26','25','27','2834','10304763'
'2016','Florida','Melanomas of the Skin','24.7','24.1','25.3','6926','20629982'
'2016','Delaware','Melanomas of the Skin','29.5','26.5','32.9','361','949216'
'2016','Colorado','Melanomas of the Skin','22.6','21.3','23.8','1337','5540921'
'2016','California','Melanomas of the Skin','22.8','22.3','23.2','9673','39209127'
'2016','Arkansas','Melanomas of the Skin','22.2','20.6','23.8','766','2990410'
'2016','Arizona','Melanomas of the Skin','26.7','25.6','27.9','2191','6945452'
'2016','Alabama','Melanomas of the Skin','24.5','23.2','25.9','1388','4864745'
'2016','District of Columbia','Melanomas of the Skin','9.8','7.6','12.6','68','686575'
'2016','Texas','Melanomas of the Skin','13.2','12.7','13.6','3611','27937492'
'2016','New Mexico','Melanomas of the Skin','16.1','14.5','17.8','409','2092789'
'2016','Louisiana','Melanomas of the Skin','16.5','15.4','17.7','843','4678215'
'2017','Tennessee','Melanomas of the Skin','19.7','18.7','20.7','1542','6708794'
'2017','New York','Melanomas of the Skin','17.9','17.4','18.5','4194','19590719'
'2017','New Mexico','Melanomas of the Skin','18.4','16.7','20.2','467','2093395'
'2017','Missouri','Melanomas of the Skin','19.7','18.6','20.8','1391','6108612'
'2017','Mississippi','Melanomas of the Skin','19.7','18.2','21.3','677','2989663'
'2017','Michigan','Melanomas of the Skin','20.7','19.9','21.6','2483','9976447'
'2017','Louisiana','Melanomas of the Skin','18.4','17.2','19.6','963','4670818'
'2017','Hawaii','Melanomas of the Skin','20.5','18.4','22.8','372','1424203'
'2017','Connecticut','Melanomas of the Skin','18.7','17.4','20','851','3573880'
'2017','Arizona','Melanomas of the Skin','29.7','28.5','30.9','2513','7048876'
'2017','Arkansas','Melanomas of the Skin','22.8','21.2','24.5','812','3002997'
'2017','Alabama','Melanomas of the Skin','22.8','21.6','24.1','1331','4875120'
'2017','California','Melanomas of the Skin','22.5','22','22.9','9730','39399349'
'2017','Wyoming','Melanomas of the Skin','23.8','20.1','27.9','163','578934'
'2017','Wisconsin','Melanomas of the Skin','23.6','22.4','24.8','1639','5792051'
'2017','West Virginia','Melanomas of the Skin','23.2','21.2','25.3','552','1817048'
'2017','Washington','Melanomas of the Skin','26.3','25.2','27.5','2228','7425432'
'2017','Vermont','Melanomas of the Skin','39.5','35.1','44.4','320','624525'
'2017','Virginia','Melanomas of the Skin','21.8','20.9','22.8','2110','8465207'
'2017','Utah','Melanomas of the Skin','39','36.6','41.4','1067','3103118'
'2017','South Dakota','Melanomas of the Skin','27.7','24.4','31.4','278','873286'
'2017','Pennsylvania','Melanomas of the Skin','21.4','20.7','22.2','3475','12790447'
'2017','Rhode Island','Melanomas of the Skin','20.9','18.4','23.6','277','1056486'
'2017','South Carolina','Melanomas of the Skin','23.8','22.6','25.1','1466','5021219'
'2017','Ohio','Melanomas of the Skin','23.9','23.1','24.7','3342','11664129'
'2017','Oklahoma','Melanomas of the Skin','21.7','20.3','23.1','964','3932640'
'2017','Oregon','Melanomas of the Skin','25.5','24.1','27','1291','4146592'
'2017','North Carolina','Melanomas of the Skin','25.5','24.6','26.4','3061','10270800'
'2017','North Dakota','Melanomas of the Skin','24.2','20.8','28','197','755176'
'2017','New Hampshire','Melanomas of the Skin','35.2','32.4','38.3','618','1349767'
'2017','New Jersey','Melanomas of the Skin','22.9','21.9','23.8','2464','8888543'
'2017','Montana','Melanomas of the Skin','29.6','26.5','32.9','384','1053090'
'2017','Nebraska','Melanomas of the Skin','29.5','27.1','32','610','1917575'
'2017','Nevada','Melanomas of the Skin','22.3','20.7','24','761','2972405'
'2017','Minnesota','Melanomas of the Skin','35','33.5','36.6','2214','5568155'
'2017','Maryland','Melanomas of the Skin','25.2','24','26.4','1768','6024891'
'2017','Massachusetts','Melanomas of the Skin','26.3','25.2','27.5','2182','6863246'
'2017','Maine','Melanomas of the Skin','25.2','22.8','27.8','446','1335063'
'2017','Kentucky','Melanomas of the Skin','27.3','25.9','28.8','1400','4453874'
'2017','Kansas','Melanomas of the Skin','28.6','26.7','30.5','934','2910689'
'2017','Indiana','Melanomas of the Skin','22.1','21','23.2','1676','6660082'
'2017','Iowa','Melanomas of the Skin','28.4','26.7','30.3','1035','3143637'
'2017','Illinois','Melanomas of the Skin','22.7','21.9','23.5','3288','12786196'
'2017','Idaho','Melanomas of the Skin','27.3','24.9','29.8','522','1718904'
'2017','Florida','Melanomas of the Skin','24.6','24','25.2','7095','20976812'
'2017','Georgia','Melanomas of the Skin','26.3','25.4','27.3','2940','10413055'
'2017','Colorado','Melanomas of the Skin','22.2','21','23.5','1339','5615902'
'2017','Delaware','Melanomas of the Skin','28.2','25.2','31.5','344','957078'
'2017','Alaska','Melanomas of the Skin','11.5','9','14.5','81','739786'
'2017','District of Columbia','Melanomas of the Skin','10.8','8.4','13.7','75','695691'
'2017','Texas','Melanomas of the Skin','13.3','12.9','13.8','3754','28322717'
